<?xml version="1.0" encoding="UTF-8" ?>
<doctrine-mapping xmlns="http://doctrine-project.org/schemas/orm/doctrine-mapping">
    <entity name="App\Entity\StatusProspectacion" table="StatusProspectacion">
        <id name="id">
            <generator strategy="IDENTITY"/>
        </id>
        <field name="Descipcion" length="64" column="`Descipcion`"/>
        <field name="Acotacion" type="integer" column="`Acotacion`"/>
        <field name="Origen" length="64" column="`Origen`"/>
        <field name="Nombre" length="64" nullable="true" column="`Nombre`"/>
        <field name="Descripcion" length="128" nullable="true" column="`Descripcion`"/>
    </entity>
</doctrine-mapping>