<?xml version="1.0" encoding="UTF-8" ?>
<doctrine-mapping xmlns="http://doctrine-project.org/schemas/orm/doctrine-mapping">
    <entity name="App\Entity\systemUserStatus" table="systemUserStatus">
        <id name="id">
            <generator strategy="IDENTITY"/>
        </id>
        <field name="name" length="32" nullable="true" column="name"/>
        <field name="description" length="32" nullable="true" column="description"/>
        <field name="active" type="integer" nullable="true" column="active"/>
    </entity>
</doctrine-mapping>