<?xml version="1.0" encoding="UTF-8" ?>
<doctrine-mapping xmlns="http://doctrine-project.org/schemas/orm/doctrine-mapping">
    <entity name="App\Entity\systemPrivilegesUserRole" table="systemPrivilegesUserRole">
        <id name="id">
            <generator strategy="IDENTITY"/>
        </id>
        <field name="idSystemPrivileges" type="integer" nullable="true" column="idSystemPrivileges"/>
        <field name="objectSource" length="32" nullable="true" column="objectSource"/>
        <field name="objectTupla" type="integer" nullable="true" column="objectTupla"/>
        <field name="active" type="integer" nullable="true" column="active"/>
        <field name="objetcAccess" type="integer" nullable="true" column="objetcAccess"/>
    </entity>
</doctrine-mapping>