<?xml version="1.0" encoding="UTF-8" ?>
<doctrine-mapping xmlns="http://doctrine-project.org/schemas/orm/doctrine-mapping">
    <entity name="App\Entity\TipoDeServicio" table="TipoDeServicio">
        <id name="id">
            <generator strategy="IDENTITY"/>
        </id>
        <field name="Nombre" length="64" column="`Nombre`"/>
        <field name="Descripcion" type="text" nullable="true" column="`Descripcion`"/>
        <field name="Activo" type="integer" column="`Activo`"/>
    </entity>
</doctrine-mapping>