<?xml version="1.0" encoding="UTF-8" ?>
<doctrine-mapping xmlns="http://doctrine-project.org/schemas/orm/doctrine-mapping">
    <entity name="App\Entity\Cat_alogoCondicionesComerciales" table="Cat_alogoCondicionesComerciales">
        <id name="id">
            <generator strategy="IDENTITY"/>
        </id>
        <field name="Nombre" length="32" column="`Nombre`"/>
        <field name="Descripci_onCondici_on" type="text" column="`Descripci_onCondici_on`"/>
        <field name="Requerida" type="integer" column="`Requerida`"/>
    </entity>
</doctrine-mapping>