<?xml version="1.0" encoding="UTF-8" ?>
<doctrine-mapping xmlns="http://doctrine-project.org/schemas/orm/doctrine-mapping">
    <entity name="App\Entity\ClientePersona" table="ClientePersona">
        <id name="id">
            <generator strategy="IDENTITY"/>
        </id>
        <field name="Cliente" type="integer" column="`Cliente`"/>
        <field name="Persona" type="integer" column="`Persona`"/>
        <field name="Relaci_on" type="integer" column="`Relaci_on`"/>
        <field name="Titulo" length="65" nullable="true" column="`Titulo`"/>
        <field name="Tel_efono" length="16" nullable="true" column="`Tel_efono`"/>
        <field name="Tel_efono2" length="16" nullable="true" column="`Tel_efono2`"/>
        <field name="CorreoElectr_onico" length="64" nullable="true" column="`CorreoElectr_onico`"/>
    </entity>
</doctrine-mapping>