<?xml version="1.0" encoding="UTF-8" ?>
<doctrine-mapping xmlns="http://doctrine-project.org/schemas/orm/doctrine-mapping">
    <entity name="App\Entity\ClienteCondici_onComercial" table="ClienteCondici_onComercial">
        <id name="id">
            <generator strategy="IDENTITY"/>
        </id>
        <field name="Cliente" type="integer" column="`Cliente`"/>
        <field name="Cat_alogoCondicionesComerciales" type="integer" column="`Cat_alogoCondicionesComerciales`"/>
        <field name="Descripci_on" type="text" column="`Descripci_on`"/>
        <field name="FechaAceptaci_on" type="date" nullable="true" column="`FechaAceptaci_on`"/>
        <field name="Status" type="integer" column="`Status`"/>
        <field name="UsuarioRegistr_o" type="integer" column="`UsuarioRegistr_o`"/>
        <field name="FechaTupla" type="datetime" column="`FechaTupla`"/>
    </entity>
</doctrine-mapping>