<?xml version="1.0" encoding="UTF-8" ?>
<doctrine-mapping xmlns="http://doctrine-project.org/schemas/orm/doctrine-mapping">
    <entity name="App\Entity\Persona" table="Persona">
        <id name="id">
            <generator strategy="IDENTITY"/>
        </id>
        <field name="NombreORaz_onSocial" length="256" column="`NombreORaz_onSocial`"/>
        <field name="Tel_efono" length="32" column="`Tel_efono`"/>
        <field name="CorreoElectr_onico" length="64" column="`CorreoElectr_onico`"/>
        <field name="TipoDePersona" type="integer" column="`TipoDePersona`"/>
        <field name="DatosFiscales" type="integer" nullable="true" column="`DatosFiscales`"/>
    </entity>
</doctrine-mapping>