<?xml version="1.0" encoding="UTF-8" ?>
<doctrine-mapping xmlns="http://doctrine-project.org/schemas/orm/doctrine-mapping">
    <entity name="App\Entity\StatusProspectaci_on" table="StatusProspectaci_on">
        <id name="id">
            <generator strategy="IDENTITY"/>
        </id>
        <field name="Descipci_on" length="64" column="`Descipci_on`"/>
        <field name="Acotaci_on" type="integer" column="`Acotaci_on`"/>
        <field name="Origen" length="64" column="`Origen`"/>
        <field name="Nombre" length="64" nullable="true" column="`Nombre`"/>
        <field name="Descripci_on" length="128" nullable="true" column="`Descripci_on`"/>
    </entity>
</doctrine-mapping>