<?xml version="1.0" encoding="UTF-8" ?>
<doctrine-mapping xmlns="http://doctrine-project.org/schemas/orm/doctrine-mapping">
    <entity name="App\Entity\systemRepository" table="systemRepository">
        <id name="id">
            <generator strategy="IDENTITY"/>
        </id>
        <field name="name" length="512" nullable="true" column="name"/>
        <field name="description" length="256" nullable="true" column="description"/>
        <field name="size" type="decimal" precision="10" scale="0" nullable="true" column="size"/>
        <field name="table" length="64" nullable="true" column="table"/>
        <field name="tuple" length="64" nullable="true" column="tuple"/>
        <field name="route" length="512" nullable="true" column="route"/>
    </entity>
</doctrine-mapping>