<?xml version="1.0" encoding="UTF-8" ?>
<doctrine-mapping xmlns="http://doctrine-project.org/schemas/orm/doctrine-mapping">
    <entity name="App\Entity\systemMenu" table="systemMenu">
        <id name="id">
            <generator strategy="IDENTITY"/>
        </id>
        <field name="name" length="32" nullable="true" column="name"/>
        <field name="description" length="64" nullable="true" column="description"/>
        <field name="href" length="256" nullable="true" column="href"/>
        <field name="idSystemIcon" type="integer" nullable="true" column="idSystemIcon"/>
        <field name="category" type="integer" nullable="true" column="category"/>
        <field name="priority" type="integer" nullable="true" column="priority"/>
        <field name="idSystemTypeElement" type="integer" nullable="true" column="idSystemTypeElement"/>
    </entity>
</doctrine-mapping>